"url","lastAccess","title","fromSitemap"
"https://www.tartley.com/categories/meetup/","16.08.2023","Posts about meetup | tartley.com","YES"
"https://www.tartley.com/posts/structured-pattern-matching-in-python/","15.08.2023","Structured Pattern Matching in Python | tartley.com","NO"
"https://www.tartley.com/index-22.html","13.08.2023","tartley.com (old posts, page 22) | tartley.com","YES"
"https://www.tartley.com/","12.08.2023","tartley.com","YES"
"https://www.tartley.com/categories/gig/","11.08.2023","Posts about gig | tartley.com","YES"
"https://www.tartley.com/posts/oceans13/","11.08.2023","Ocean's 13 | tartley.com","YES"
"https://www.tartley.com/archive.html","11.08.2023","Archive | tartley.com","YES"
"https://www.tartley.com/posts/hexagonal-django/","10.08.2023","Hexagonal Django | tartley.com","YES"
"https://www.tartley.com/posts/making-a-wix-installer-run-a-program-by-default/","10.08.2023","Making a wix installer run a program by default | tartley.com","YES"
"https://www.tartley.com/posts/journey/","01.08.2023","Journey | tartley.com","YES"
"https://www.tartley.com/posts/astroneer-resource-graph/","01.08.2023","Astroneer Resource Graph | tartley.com","YES"
"https://www.tartley.com/posts/subnautica-below-zero/","01.08.2023","Subnautica: Below Zero | tartley.com","YES"
"https://www.tartley.com/posts/openid-works/","31.07.2023","OpenID works! | tartley.com","YES"
"https://www.tartley.com/posts/infinite-jest/","31.07.2023","Infinite Jest | tartley.com","YES"
"https://www.tartley.com/?p=378","31.07.2023","tartley.com","NO"
"https://www.tartley.com/posts/using-assertalmostequals-to-compare-to-n-significant-figures/","28.07.2023","TIL: Using assertAlmostEquals to compare to N Significant Figures | tartley.com","YES"
"https://www.tartley.com/posts/la-science-des-reves/","26.07.2023","La Science des Rêves | tartley.com","YES"
"https://www.tartley.com/posts/evolved-for-suboptimal-decision-making/","22.07.2023","Evolved for suboptimal decision making? | tartley.com","YES"
"https://www.tartley.com/posts/broken-open-how-difficult-times-can-help-us-grow/","22.07.2023","Broken Open: How Difficult Times Can Help Us Grow | tartley.com","YES"
"https://www.tartley.com/posts/legend-of-zelda-the-phantom-hourglass/","21.07.2023","Legend of Zelda : The Phantom Hourglass | tartley.com","YES"
"https://www.tartley.com/posts/ur-fascism/","16.07.2023","Ur-Fascism | tartley.com","NO"
"https://www.tartley.com/posts/2d-graphics-with-pyglet-and-opengl/","13.07.2023","2D Graphics With pyglet and OpenGL | tartley.com","YES"
"https://www.tartley.com/posts/a-guide-to-git-using-spatial-analogies/","11.07.2023","A Guide to GIT using spatial analogies | tartley.com","YES"
"https://www.tartley.com/categories/guest-blogger/","09.07.2023","Posts about guest-blogger | tartley.com","YES"
"https://www.tartley.com/posts/ah-the-strangeness-of-chance/","09.07.2023","Ah... the strangeness of chance | tartley.com","YES"
"https://www.tartley.com/posts/disastrous-uk-government-it-projects/","09.07.2023","Disastrous UK Government IT Projects | tartley.com","YES"
"https://www.tartley.com/posts/resolver-one-10/","09.07.2023","Resolver One 1.0 | tartley.com","YES"
"https://www.tartley.com/index-6.html","09.07.2023","tartley.com (old posts, page 6) | tartley.com","YES"
"https://www.tartley.com/index-7.html","09.07.2023","tartley.com (old posts, page 7) | tartley.com","YES"
"https://www.tartley.com/posts/makefiles-that-are-self-documenting-and-process-all-extant-files/","09.07.2023","TIL: Makefiles that are self-documenting, and process all extant files. | tartley.com","YES"
"https://www.tartley.com/posts/rerun-unit-tests-whenever-files-update/","09.07.2023","Rerun unit tests whenever files update | tartley.com","YES"
"https://www.tartley.com/posts/a-case-for-forward-error-correction/","09.07.2023","A Case for Forward Error Correction | tartley.com","YES"
"https://www.tartley.com/categories/tartleycom/","09.07.2023","Posts about tartley.com | tartley.com","YES"
"https://www.tartley.com/categories/testing/","09.07.2023","Posts about testing | tartley.com","YES"
"https://www.tartley.com/posts/here-comes-everybody/","09.07.2023","Here Comes Everybody | tartley.com","YES"
"https://www.tartley.com/categories/politics/","09.07.2023","Posts about politics | tartley.com","YES"
"https://www.tartley.com/posts/for-anyone-who-doesnt-know-yet/","09.07.2023","She said yes! | tartley.com","YES"
"https://www.tartley.com/index-12.html","09.07.2023","tartley.com (old posts, page 12) | tartley.com","YES"
"https://www.tartley.com/posts/and-e-keys-in-windows-on-a-us-laptop-keyboard-done-right/","09.07.2023","£ key in Windows on a US laptop keyboard, done right. | tartley.com","YES"
"https://www.tartley.com/categories/arcade/","09.07.2023","Posts about arcade | tartley.com","YES"
"https://www.tartley.com/posts/this-gaming-life-travels-in-three-cities/","09.07.2023","This Gaming Life: Travels in Three Cities | tartley.com","YES"
"https://www.tartley.com/posts/patent-this/","09.07.2023","Patent This | tartley.com","YES"
"https://www.tartley.com/posts/music-101c2be/","09.07.2023","Music 101¾ | tartley.com","YES"
"https://www.tartley.com/posts/thoughts-on-nylas-how-we-deploy-code/","09.07.2023","Thoughts on Nylas' ""How We Deploy Code"" | tartley.com","YES"
"https://www.tartley.com/posts/flying-high-hobbyist-opengl-from-python/","09.07.2023","Flying High: Hobbyist OpenGL from Python | tartley.com","YES"
"https://www.tartley.com/index-8.html","09.07.2023","tartley.com (old posts, page 8) | tartley.com","YES"
"https://www.tartley.com/categories/memoir/","09.07.2023","Posts about memoir | tartley.com","YES"
"https://www.tartley.com/posts/well-parallelise-your-long-running-test-suite-on-ec2/","09.07.2023","We'll parallelise your long-running test suite on EC2 | tartley.com","YES"
"https://www.tartley.com/posts/the-deluded-ramblings-of-a-rather-odd-person/","09.07.2023","The Deluded Ramblings of a Rather Odd Person | tartley.com","YES"
"https://www.tartley.com/posts/postscript-formatted-man-pages/","09.07.2023","Postscript formatted man pages | tartley.com","YES"
"https://www.tartley.com/categories/creative/","09.07.2023","Posts about creative | tartley.com","YES"
"https://www.tartley.com/posts/running-multiple-firefox-profiles/","09.07.2023","Running Multiple Firefox Profiles on Linux | tartley.com","YES"
"https://www.tartley.com/posts/opengl-programming-guide-6th-ed/","09.07.2023","OpenGL Programming Guide, 6th ed. | tartley.com","YES"
"https://www.tartley.com/posts/ed/","09.07.2023","Ed | tartley.com","YES"
"https://www.tartley.com/posts/testwatcher/","09.07.2023","Testwatcher | tartley.com","YES"
"https://www.tartley.com/posts/solveduk-digital-economy-bill/","09.07.2023","[SOLVED]UK Digital Economy Bill | tartley.com","YES"
"https://www.tartley.com/posts/encrypted-zip-files-on-osx/","09.07.2023","Encrypted zip files on OSX | tartley.com","YES"
"https://www.tartley.com/posts/project-hail-mary/","09.07.2023","Project Hail Mary | tartley.com","YES"
"https://www.tartley.com/index-1.html","09.07.2023","tartley.com (old posts, page 1) | tartley.com","YES"
"https://www.tartley.com/posts/a-pythonic-switch-statement/","09.07.2023","A Pythonic 'switch' statement | tartley.com","YES"
"https://www.tartley.com/posts/demon/","09.07.2023","Demon | tartley.com","YES"
"https://www.tartley.com/posts/comparing-methods-of-deploying-python-applications/","09.07.2023","Comparing methods of deploying Python applications | tartley.com","YES"
"https://www.tartley.com/posts/i-am-such-a-child/","09.07.2023","I am such a child | tartley.com","YES"
"https://www.tartley.com/posts/conky/","09.07.2023","Conky. | tartley.com","YES"
"https://www.tartley.com/categories/civilisation/","09.07.2023","Posts about civilisation | tartley.com","YES"
"https://www.tartley.com/posts/the-doors-of-perception/","09.07.2023","The Doors of Perception | tartley.com","YES"
"https://www.tartley.com/posts/use-of-asserts-in-unit-tested-code/","09.07.2023","Use of Asserts in Unit-Tested Code | tartley.com","YES"
"https://www.tartley.com/categories/python/","09.07.2023","Posts about python | tartley.com","YES"
"https://www.tartley.com/posts/automate-gnome-keybindings/","09.07.2023","Automate Gnome keybindings | tartley.com","YES"
"https://www.tartley.com/categories/ishiguro/","09.07.2023","Posts about ishiguro | tartley.com","YES"
"https://www.tartley.com/posts/kill-bill-vol-2/","09.07.2023","Kill Bill (Vol 2) | tartley.com","YES"
"https://www.tartley.com/categories/linking/","09.07.2023","Posts about linking | tartley.com","YES"
"https://www.tartley.com/categories/keyboard/","09.07.2023","Posts about keyboard | tartley.com","YES"
"https://www.tartley.com/posts/python-deployment-sucks/","09.07.2023","Python Deployment Sucks | tartley.com","YES"
"https://www.tartley.com/posts/energy-use-per-transaction-for-cryptocurrencies-vs-visa/","09.07.2023","TIL: Energy use per transaction for cryptocurrencies vs Visa | tartley.com","YES"
"https://www.tartley.com/posts/where-you-gonna-be/","09.07.2023","Where you gonna be? | tartley.com","YES"
"https://www.tartley.com/categories/history/","09.07.2023","Posts about history | tartley.com","YES"
"https://www.tartley.com/categories/personal/","09.07.2023","Posts about personal | tartley.com","YES"
"https://www.tartley.com/categories/dramatization/","09.07.2023","Posts about dramatization | tartley.com","YES"
"https://www.tartley.com/posts/object-oriented-software-engineering-a-use-case-driven-approach/","09.07.2023","Object-Oriented Software Engineering : A Use Case Driven Approach | tartley.com","YES"
"https://www.tartley.com/categories/vandalism/","09.07.2023","Posts about vandalism | tartley.com","YES"
"https://www.tartley.com/posts/git-annotated-tags/","09.07.2023","TIL: Git Annotated Tags | tartley.com","YES"
"https://www.tartley.com/categories/vonnegut/","09.07.2023","Posts about vonnegut | tartley.com","YES"
"https://www.tartley.com/posts/acceptance-testing-a-pyglet-application/","09.07.2023","Acceptance testing a pyglet application | tartley.com","YES"
"https://www.tartley.com/posts/godaddy-sucks/","09.07.2023","GoDaddy sucks | tartley.com","YES"
"https://www.tartley.com/posts/directx-in-ironpython/","09.07.2023","DirectX in IronPython | tartley.com","YES"
"https://www.tartley.com/categories/drugs/","09.07.2023","Posts about drugs | tartley.com","YES"
"https://www.tartley.com/categories/philosophy/","09.07.2023","Posts about philosophy | tartley.com","YES"
"https://www.tartley.com/posts/snow-report-ride-colorado/","09.07.2023","Snow Report: Ride Colorado | tartley.com","YES"
"https://www.tartley.com/categories/wallace/","09.07.2023","Posts about wallace | tartley.com","YES"
"https://www.tartley.com/posts/compiling-macvim-with-python-2-7/","09.07.2023","Compiling MacVim with Python 2.7 | tartley.com","YES"
"https://www.tartley.com/categories/refried/","09.07.2023","Posts about refried | tartley.com","YES"
"https://www.tartley.com/categories/journal/","09.07.2023","Posts about journal | tartley.com","YES"
"https://www.tartley.com/posts/the-simpsons-movie-goodbye-forever/","09.07.2023","The Simpsons Movie / Goodbye Forever | tartley.com","YES"
"https://www.tartley.com/posts/london-python-meeting/","09.07.2023","London Python meetup | tartley.com","YES"
"https://www.tartley.com/posts/latitude/","09.07.2023","Latitude | tartley.com","YES"
"https://www.tartley.com/posts/copyright-and-the-crowdsourcing-of-promotional-materials/","09.07.2023","Copyright and the crowdsourcing of promotional materials | tartley.com","YES"
"https://www.tartley.com/categories/niven/","09.07.2023","Posts about niven | tartley.com","YES"
"https://www.tartley.com/posts/everything-and-more/","09.07.2023","Everything and More: A compact history of ∞ | tartley.com","YES"
"https://www.tartley.com/posts/just-married/","09.07.2023","Just Married! | tartley.com","YES"
"https://www.tartley.com/posts/lappy-sketch-lives/","09.07.2023","Lappy sketch lives! | tartley.com","YES"
"https://www.tartley.com/posts/permanent-record/","09.07.2023","Permanent Record | tartley.com","YES"
"https://www.tartley.com/posts/lena/","09.07.2023","Lena | tartley.com","YES"
"https://www.tartley.com/posts/london-symphony-orchestras-brass-ensemble/","09.07.2023","London Symphony Orchestra's Brass Ensemble | tartley.com","YES"
"https://www.tartley.com/categories/culture/","09.07.2023","Posts about culture | tartley.com","YES"
"https://www.tartley.com/categories/terminal/","09.07.2023","Posts about terminal | tartley.com","YES"
"https://www.tartley.com/index-21.html","09.07.2023","tartley.com (old posts, page 21) | tartley.com","YES"
"https://www.tartley.com/posts/the-hacker-crackdown-law-and-disorder-on-the-electronic-frontier/","09.07.2023","The Hacker Crackdown : Law and Disorder on the Electronic Frontier | tartley.com","YES"
"https://www.tartley.com/posts/sunshine/","09.07.2023","Sunshine | tartley.com","YES"
"https://www.tartley.com/posts/soma/","09.07.2023","Soma | tartley.com","YES"
"https://www.tartley.com/posts/undocumented-feature-of-the-week-pip_download_cache/","09.07.2023","Undocumented feature of the week: $PIP_DOWNLOAD_CACHE | tartley.com","YES"
"https://www.tartley.com/posts/musicians-wake-up/","09.07.2023","Musicians : wake up! | tartley.com","YES"
"https://www.tartley.com/categories/epub/","09.07.2023","Posts about epub | tartley.com","YES"
"https://www.tartley.com/categories/mental-health/","09.07.2023","Posts about mental-health | tartley.com","YES"
"https://www.tartley.com/posts/the-incal/","09.07.2023","The Incal | tartley.com","YES"
"https://www.tartley.com/categories/write/","09.07.2023","Posts about write | tartley.com","YES"
"https://www.tartley.com/categories/rigid-body/","09.07.2023","Posts about rigid-body | tartley.com","YES"
"https://www.tartley.com/posts/configuration-vs-customisation/","09.07.2023","Configuration vs Customisation | tartley.com","YES"
"https://www.tartley.com/posts/housewarming/","09.07.2023","Housewarming | tartley.com","YES"
"https://www.tartley.com/posts/blink/","09.07.2023","Blink: The Power of Thinking Without Thinking | tartley.com","YES"
"https://www.tartley.com/posts/writing-cc-on-windows-using-g-under-cygwin/","09.07.2023","Writing C/C++ on Windows using g++ under Cygwin | tartley.com","YES"
"https://www.tartley.com/posts/power/","09.07.2023","Power | tartley.com","YES"
"https://www.tartley.com/posts/klara-and-the-sun/","09.07.2023","Klara and the Sun | tartley.com","YES"
"https://www.tartley.com/index-19.html","09.07.2023","tartley.com (old posts, page 19) | tartley.com","YES"
"https://www.tartley.com/posts/pyglet-week-2-better-vertex-throughput/","09.07.2023","pyglet week 2: Better Vertex Throughput | tartley.com","YES"
"https://www.tartley.com/posts/music-101/","09.07.2023","Music 101 | tartley.com","YES"
"https://www.tartley.com/categories/audiobook/","09.07.2023","Posts about audiobook | tartley.com","YES"
"https://www.tartley.com/posts/the-great-resolver-ide-anecdote/","09.07.2023","The Great Resolver IDE Anecdote | tartley.com","YES"
"https://www.tartley.com/categories/stirling/","09.07.2023","Posts about stirling | tartley.com","YES"
"https://www.tartley.com/categories/draw/","09.07.2023","Posts about draw | tartley.com","YES"
"https://www.tartley.com/categories/sustainability/","09.07.2023","Posts about sustainability | tartley.com","YES"
"https://www.tartley.com/posts/fame-at-last/","09.07.2023","Fame at last | tartley.com","YES"
"https://www.tartley.com/posts/result-of-mp-visit-i-suck/","09.07.2023","Result of MP visit - I suck | tartley.com","YES"
"https://www.tartley.com/posts/the-catcher-in-the-rye/","09.07.2023","The Catcher in the Rye | tartley.com","YES"
"https://www.tartley.com/posts/listen-to-your-phone-through-your-pc-speakers/","09.07.2023","Listen to your phone through your PC speakers | tartley.com","YES"
"https://www.tartley.com/posts/testing-extreme-programming/","09.07.2023","Testing Extreme Programming | tartley.com","YES"
"https://www.tartley.com/posts/minerva-metastasis/","09.07.2023","Minerva: Metastasis | tartley.com","YES"
"https://www.tartley.com/posts/a-short-history-of-nearly-everything/","09.07.2023","A Short History Of Nearly Everything | tartley.com","YES"
"https://www.tartley.com/posts/slaughterhouse-5/","09.07.2023","Slaughterhouse 5 | tartley.com","YES"
"https://www.tartley.com/posts/the-history-boys/","09.07.2023","The History Boys | tartley.com","YES"
"https://www.tartley.com/categories/completed/","09.07.2023","Posts about completed | tartley.com","YES"
"https://www.tartley.com/posts/flying-high-opengl-from-python-part-2/","09.07.2023","Flying High: OpenGL from Python, Part 2 | tartley.com","YES"
"https://www.tartley.com/posts/the-witches-heart/","09.07.2023","The Witch's Heart | tartley.com","YES"
"https://www.tartley.com/posts/creating-a-level-for-thief-2/","09.07.2023","Creating a Level for Thief 2 | tartley.com","YES"
"https://www.tartley.com/posts/battlestar-galactica-series-3/","09.07.2023","Battlestar Galactica: Series 3 | tartley.com","YES"
"https://www.tartley.com/posts/wall-e/","09.07.2023","Wall-E | tartley.com","YES"
"https://www.tartley.com/categories/command-line/","09.07.2023","Posts about command-line | tartley.com","YES"
"https://www.tartley.com/categories/make/","09.07.2023","Posts about make | tartley.com","YES"
"https://www.tartley.com/categories/fantasy/","09.07.2023","Posts about fantasy | tartley.com","YES"
"https://www.tartley.com/posts/pip-install-lightspeed-and-bulletproof/","09.07.2023","pip install : Lightspeed and Bulletproof | tartley.com","YES"
"https://www.tartley.com/categories/ps2/","09.07.2023","Posts about ps2 | tartley.com","YES"
"https://www.tartley.com/index-26.html","09.07.2023","tartley.com (old posts, page 26) | tartley.com","YES"
"https://www.tartley.com/posts/cloverfield-2008/","09.07.2023","Cloverfield (2008) | tartley.com","YES"
"https://www.tartley.com/posts/trans-speculative-ramblings/","09.07.2023","Trans-Speculative Ramblings | tartley.com","YES"
"https://www.tartley.com/posts/beginning-game-development-with-python-and-pygame/","09.07.2023","Beginning Game Development With Python and PyGame | tartley.com","YES"
"https://www.tartley.com/posts/northern-exposure/","09.07.2023","Northern Exposure | tartley.com","YES"
"https://www.tartley.com/posts/stretching-pyglets-wings/","09.07.2023","Stretching pyglet's Wings | tartley.com","YES"
"https://www.tartley.com/posts/my-objections-to-the-digital-economy-bill/","09.07.2023","My objections to the Digital Economy Bill | tartley.com","YES"
"https://www.tartley.com/posts/contact/","09.07.2023","Contact | tartley.com","YES"
"https://www.tartley.com/categories/pyglet/","09.07.2023","Posts about pyglet | tartley.com","YES"
"https://www.tartley.com/posts/scarface/","09.07.2023","Scarface | tartley.com","YES"
"https://www.tartley.com/categories/git/","09.07.2023","Posts about git | tartley.com","YES"
"https://www.tartley.com/posts/the-suze/","09.07.2023","The Suze... | tartley.com","YES"
"https://www.tartley.com/posts/fine-structure/","09.07.2023","Fine Structure | tartley.com","NO"
"https://www.tartley.com/posts/this-is-how-you-lose-the-time-war/","09.07.2023","This Is How You Lose the Time War | tartley.com","YES"
"https://www.tartley.com/posts/the-works-of-larry-niven/","09.07.2023","The Works of Larry Niven | tartley.com","YES"
"https://www.tartley.com/posts/the-expanse/","09.07.2023","The Expanse | tartley.com","YES"
"https://www.tartley.com/posts/othello-donmar-warehouse/","09.07.2023","Othello : Donmar Warehouse | tartley.com","YES"
"https://www.tartley.com/posts/three-parts-dead/","09.07.2023","Three Parts Dead | tartley.com","YES"
"https://www.tartley.com/posts/the-day-the-earth-stood-still/","09.07.2023","The Day The Earth Stood Still | tartley.com","YES"
"https://www.tartley.com/posts/lions-for-lambs/","09.07.2023","Lions for Lambs | tartley.com","YES"
"https://www.tartley.com/posts/termination-shock/","09.07.2023","Termination Shock | tartley.com","YES"
"https://www.tartley.com/posts/starship-troopers/","09.07.2023","Starship Troopers | tartley.com","YES"
"https://www.tartley.com/posts/circe/","09.07.2023","Circe | tartley.com","YES"
"https://www.tartley.com/posts/religion-at-last/","09.07.2023","Religion, at last. | tartley.com","YES"
"https://www.tartley.com/files/2008/03/tddbrookssilverbullet.pdf","09.07.2023","Test Driven Development: Brooks' Silver Bullet","NO"
"https://www.tartley.com/posts/countries-and-us-states-visited/","09.07.2023","Countries and US States visited | tartley.com","YES"
"https://www.tartley.com/posts/the-hothouse/","09.07.2023","The Hothouse | tartley.com","YES"
"https://www.tartley.com/categories/time-travel/","09.07.2023","Posts about time-travel | tartley.com","YES"
"https://www.tartley.com/posts/creating-animated-meme-gifs-on-the-command-line/","09.07.2023","TIL: Creating Animated Meme GIFs on the Command-Line | tartley.com","YES"
"https://www.tartley.com/posts/download-audio-from-youtube/","09.07.2023","TIL: Download audio from YouTube | tartley.com","YES"
"https://www.tartley.com/posts/first-post/","09.07.2023","First Post! | tartley.com","YES"
"https://www.tartley.com/posts/colorama-simple-cross-platform-python-api-for-colored-terminal-text/","09.07.2023","colorama: Simple cross-platform Python API for colored terminal text | tartley.com","YES"
"https://www.tartley.com/posts/git-when-to-use-three-dots-vs-two/","09.07.2023","TIL: When to use three dots vs two in Git | tartley.com","YES"
"https://www.tartley.com/posts/25-things-about-me/","09.07.2023","25 Things About Me | tartley.com","YES"
"https://www.tartley.com/index-14.html","09.07.2023","tartley.com (old posts, page 14) | tartley.com","YES"
"https://www.tartley.com/index-9.html","09.07.2023","tartley.com (old posts, page 9) | tartley.com","YES"
"https://www.tartley.com/categories/presentations/","09.07.2023","Posts about presentations | tartley.com","YES"
"https://www.tartley.com/posts/the-buried-giant/","09.07.2023","The Buried Giant | tartley.com","YES"
"https://www.tartley.com/posts/collapse-how-societies-choose-to-fail-or-survive/","09.07.2023","Collapse: How Societies Choose to Fail or Survive | tartley.com","YES"
"https://www.tartley.com/categories/youtube/","09.07.2023","Posts about youtube | tartley.com","YES"
"https://www.tartley.com/categories/ds/","09.07.2023","Posts about ds | tartley.com","YES"
"https://www.tartley.com/posts/chaining-a-sequence-of-generators/","09.07.2023","Chaining a sequence of generators | tartley.com","YES"
"https://www.tartley.com/index-11.html","09.07.2023","tartley.com (old posts, page 11) | tartley.com","YES"
"https://www.tartley.com/posts/keyboard-coolermaster-ck530s-missing-manual/","09.07.2023","Keyboard CoolerMaster CK530's Missing Manual | tartley.com","YES"
"https://www.tartley.com/posts/copenhagen/","09.07.2023","Copenhagen | tartley.com","YES"
"https://www.tartley.com/categories/media/","09.07.2023","Posts about media | tartley.com","YES"
"https://www.tartley.com/posts/acceptance-testing-net-applications-using-ironpython/","09.07.2023","Acceptance Testing .NET Applications using IronPython | tartley.com","YES"
"https://www.tartley.com/posts/112263/","09.07.2023","11/22/63 | tartley.com","YES"
"https://www.tartley.com/index-16.html","09.07.2023","tartley.com (old posts, page 16) | tartley.com","YES"
"https://www.tartley.com/posts/intelligence-a-very-short-introduction/","09.07.2023","Intelligence: A Very Short Introduction | tartley.com","YES"
"https://www.tartley.com/categories/law/","09.07.2023","Posts about law | tartley.com","YES"
"https://www.tartley.com/posts/the-long-overdue-linkedin-backlash/","09.07.2023","The Long Overdue LinkedIn Backlash | tartley.com","YES"
"https://www.tartley.com/posts/per-mille/","09.07.2023","TIL: ‰ is per mille | tartley.com","YES"
"https://www.tartley.com/categories/bash/","09.07.2023","Posts about bash | tartley.com","YES"
"https://www.tartley.com/posts/altered-carbon/","09.07.2023","Altered Carbon | tartley.com","YES"
"https://www.tartley.com/categories/comic/","09.07.2023","Posts about comic | tartley.com","YES"
"https://www.tartley.com/categories/comedy/","09.07.2023","Posts about comedy | tartley.com","YES"
"https://www.tartley.com/posts/webfaction-hosting/","09.07.2023","Webfaction hosting | tartley.com","YES"
"https://www.tartley.com/posts/neogeography/","09.07.2023","Neogeography | tartley.com","YES"
"https://www.tartley.com/categories/the-fountain/","09.07.2023","Posts about the-fountain | tartley.com","YES"
"https://www.tartley.com/posts/hull-zero-three/","09.07.2023","Hull Zero Three | tartley.com","YES"
"https://www.tartley.com/posts/dina-as-otf/","09.07.2023","Dina font as an OTF. | tartley.com","YES"
"https://www.tartley.com/posts/facade/","09.07.2023","Façade | tartley.com","YES"
"https://www.tartley.com/posts/pycon-uk-2007/","09.07.2023","PyCon UK 2007 | tartley.com","YES"
"https://www.tartley.com/categories/psychology/","09.07.2023","Posts about psychology | tartley.com","YES"
"https://www.tartley.com/posts/rosencrantz-and-guildenstern-are-dead/","09.07.2023","Rosencrantz and Guildenstern Are Dead | tartley.com","YES"
"https://www.tartley.com/?p=208","06.07.2023","tartley.com","NO"
"https://www.tartley.com/posts/format-python-snippets-with-black/","06.07.2023","Format Python Snippets with Black. | tartley.com","YES"
"https://www.tartley.com/categories/software/","05.07.2023","Posts about software | tartley.com","YES"
"https://www.tartley.com/posts/my-fonts-look-crap-i-blame-windows-and-ati/","05.07.2023","My Fonts Look Crap. I blame Windows and ATI. | tartley.com","YES"
"https://www.tartley.com/posts/sinister-redux/","05.07.2023","Sinister Redux | tartley.com","YES"
"https://www.tartley.com/index-17.html","05.07.2023","tartley.com (old posts, page 17) | tartley.com","YES"
"https://www.tartley.com/posts/envisioning-information/","05.07.2023","Envisioning Information | tartley.com","YES"
"https://www.tartley.com/posts/pumping-iron-dynamic-languages-on-net/","05.07.2023","Pumping Iron : Dynamic Languages on .Net | tartley.com","YES"
"https://www.tartley.com/posts/opengl-draw-api-visualised/","04.07.2023","OpenGL Draw API Visualised | tartley.com","YES"
"https://www.tartley.com/posts/manifold-garden/","04.07.2023","Manifold Garden | tartley.com","YES"
"https://www.tartley.com/posts/opengl-shading-language/","04.07.2023","Opengl Shading Language | tartley.com","YES"
"https://www.tartley.com/posts/launch-gitk-displaying-all-extant-branches/","02.07.2023","Launch Gitk displaying all branches | tartley.com","YES"
"https://www.tartley.com/posts/sole-scion-project-v01-a-2d-rigid-body-python-game/","30.06.2023","Sole Scion project v0.1 : A 2D rigid-body Python game | tartley.com","YES"
"https://www.tartley.com/posts/use-light-opacity-rgba-to-fix-halo-artifacts-along-edges-of-textures/","30.06.2023","Use light-opacity RGBA to fix halo artifacts along edges of textures | tartley.com","YES"
"https://www.tartley.com/posts/django-testing-201-acceptance-tests-vs-unit-tests/","29.06.2023","Django testing 201 : Acceptance Tests vs Unit Tests | tartley.com","YES"
"https://www.tartley.com/posts/freakonomics-a-rogue-economist-explores-the-yada-yada/","29.06.2023","Freakonomics: A Rogue Economist Explores the yada yada | tartley.com","YES"
"https://www.tartley.com/posts/hot-fuzz/","28.06.2023","Hot Fuzz | tartley.com","YES"
"https://www.tartley.com/posts/fallacious-affordance/","28.06.2023","Fallacious Affordance | tartley.com","YES"
"https://www.tartley.com/index-23.html","28.06.2023","tartley.com (old posts, page 23) | tartley.com","YES"
"https://www.tartley.com/posts/ra/","28.06.2023","Ra | tartley.com","NO"
"https://www.tartley.com/index-2.html","28.06.2023","tartley.com (old posts, page 2) | tartley.com","YES"
"https://www.tartley.com/categories/","28.06.2023","Tags | tartley.com","YES"
"https://www.tartley.com/files/2007/03/caseforforwarderrorcorrection-v113-16mar2007.pdf","28.06.2023","scimakelatex.45812.Prof.+Michael+Foord.Dr.+Andrzej+Krzywda.Rev.+Christian+Muirhead.Sir+William+Reade.Gp+Capt.+Jonathan+Hartley.dvi","NO"
"https://www.tartley.com/categories/novel/","28.06.2023","Posts about novel | tartley.com","YES"
"https://www.tartley.com/posts/miracleman/","28.06.2023","Miracleman, books 1, 2 & 3 | tartley.com","YES"
"https://www.tartley.com/posts/a-science-fiction-omnibus/","28.06.2023","A Science-Fiction Omnibus | tartley.com","YES"
"https://www.tartley.com/posts/halting-state/","28.06.2023","Halting State | tartley.com","YES"
"https://www.tartley.com/posts/makers/","28.06.2023","Makers | tartley.com","YES"
"https://www.tartley.com/posts/jpod/","28.06.2023","jPod | tartley.com","YES"
"https://www.tartley.com/posts/fahrenheit-451/","28.06.2023","Fahrenheit 451 | tartley.com","YES"
"https://www.tartley.com/posts/the-hidden-layer/","28.06.2023","The Hidden Layer | tartley.com","YES"
"https://www.tartley.com/posts/city-at-the-end-of-time/","28.06.2023","City at the End of Time | tartley.com","YES"
"https://www.tartley.com/index-5.html","27.06.2023","tartley.com (old posts, page 5) | tartley.com","YES"
"https://www.tartley.com/categories/non-fiction/","26.06.2023","Posts about non-fiction | tartley.com","YES"
"https://www.tartley.com/posts/avenue-q/","26.06.2023","Avenue Q | tartley.com","YES"
"https://www.tartley.com/posts/expert-python-programming/","23.06.2023","Expert Python Programming | tartley.com","YES"
"https://www.tartley.com/index-4.html","23.06.2023","tartley.com (old posts, page 4) | tartley.com","YES"
"https://www.tartley.com/posts/game-on/","22.06.2023","Game On: Origins | tartley.com","YES"
"https://www.tartley.com/posts/programming-on-windows-use-console/","22.06.2023","Programming on Windows : Use Console | tartley.com","YES"
"https://www.tartley.com/posts/pychoose-switch-between-installed-versions-of-python/","22.06.2023","PyChoose: Switch between installed versions of Python | tartley.com","YES"
"https://www.tartley.com/posts/national-portrait-gallery-photographic-portrait-prize-2007/","22.06.2023","National Portrait Gallery Photographic Portrait Prize 2007 | tartley.com","YES"
"https://www.tartley.com/posts/only-joking/","22.06.2023","Only Joking! | tartley.com","YES"
"https://www.tartley.com/posts/onegin-vs-new-super-mario-bros/","21.06.2023","Onegin vs New Super Mario Bros | tartley.com","YES"
"https://www.tartley.com/posts/spiderman-3/","21.06.2023","Spiderman 3 | tartley.com","YES"
"https://www.tartley.com/pages/about/","21.06.2023","About tartley.com | tartley.com","YES"
"https://www.tartley.com/posts/i-am-legend/","21.06.2023","I am Legend | tartley.com","YES"
"https://www.tartley.com/categories/fiction/","21.06.2023","Posts about fiction | tartley.com","YES"
"https://www.tartley.com/categories/doctorow/","21.06.2023","Posts about doctorow | tartley.com","YES"
"https://www.tartley.com/posts/someone-comes-to-town-someone-leaves-town/","21.06.2023","Someone Comes to Town, Someone Leaves Town | tartley.com","YES"
"https://www.tartley.com/posts/if-its-good-enough-for-benny/","21.06.2023","If it's good enough for Benny... | tartley.com","YES"
"https://www.tartley.com/posts/the-acm-is-pissing-in-the-well/","21.06.2023","The ACM is pissing in the well | tartley.com","YES"
"https://www.tartley.com/posts/a-laymans-philosophical-musings/","21.06.2023","A Layman's Philosophical Musings | tartley.com","YES"
"https://www.tartley.com/categories/imho/","21.06.2023","Posts about imho | tartley.com","YES"
"https://www.tartley.com/posts/modularised-personal-devices/","21.06.2023","Modularised Personal Devices | tartley.com","YES"
"https://www.tartley.com/posts/basic-us-civics/","21.06.2023","US Civics for Naturalization Quiz | tartley.com","YES"
"https://www.tartley.com/posts/set-your-prompt/","21.06.2023","Set your Prompt | tartley.com","YES"
"https://www.tartley.com/index-13.html","18.06.2023","tartley.com (old posts, page 13) | tartley.com","YES"
"https://www.tartley.com/posts/brief-interviews-with-hideous-men/","18.06.2023","Brief Interviews with Hideous Men | tartley.com","YES"
"https://www.tartley.com/posts/new-laptop-time/","18.06.2023","New Laptop Time! | tartley.com","YES"
"https://www.tartley.com/posts/benjamin-franklins-autobiography/","18.06.2023","Benjamin Franklin's Autobiography | tartley.com","YES"
"https://www.tartley.com/posts/avoiding-ripoff-wii-bundles/","18.06.2023","Avoiding Ripoff Wii Bundles | tartley.com","YES"
"https://www.tartley.com/posts/there-is-no-antimemetics-division/","12.06.2023","There is no Antimemetics Division | tartley.com","YES"
"https://www.tartley.com/posts/breakfast-of-champions/","07.06.2023","Breakfast of Champions | tartley.com","YES"
"https://www.tartley.com/categories/internet/","07.06.2023","Posts about internet | tartley.com","YES"
"https://www.tartley.com/categories/geek/","07.06.2023","Posts about geek | tartley.com","YES"
"https://www.tartley.com/categories/startups/","07.06.2023","Posts about startups | tartley.com","YES"
"https://www.tartley.com/categories/essays/","07.06.2023","Posts about essays | tartley.com","YES"
"https://www.tartley.com/posts/hackers-and-painters/","07.06.2023","Hackers and Painters | tartley.com","YES"
"https://www.tartley.com/posts/python-2-7-regular-expression-cheatsheet/","05.06.2023","Python 2.7 regular expression cheatsheet | tartley.com","YES"
"https://www.tartley.com/index-15.html","04.06.2023","tartley.com (old posts, page 15) | tartley.com","YES"
"https://www.tartley.com/posts/mocks-arent-just-stubs/","01.06.2023","Mocks Aren't (Just) Stubs | tartley.com","YES"
"https://www.tartley.com/posts/the-straight-story/","30.05.2023","The Straight Story | tartley.com","YES"
"https://www.tartley.com/posts/go-to-definition-in-vim-for-python-using-ctags-on-windows/","21.05.2023","'Go to Definition' in Vim for Python using Ctags, Done Right | tartley.com","YES"
"https://www.tartley.com/posts/the-flight-of-the-horse/","18.05.2023","The Flight of the Horse | tartley.com","YES"
"https://www.tartley.com/posts/the-glass-bead-game-by-hermann-hesse-1943/","17.05.2023","The Glass Bead Game | tartley.com","YES"
"https://www.tartley.com/posts/more-opengl-from-python/","13.05.2023","More OpenGL from Python | tartley.com","YES"
"https://www.tartley.com/posts/tide-turning-on-copyright-abuses/","11.05.2023","Tide Turning on Copyright Abuses? | tartley.com","YES"
"https://www.tartley.com/posts/12-books-that-changed-the-world/","05.05.2023","12 Books That Changed The World | tartley.com","YES"
"https://www.tartley.com/posts/the-portable-jung/","02.05.2023","The Portable Jung | tartley.com","YES"
"https://www.tartley.com/posts/diet-guru/","27.04.2023","Diet Guru | tartley.com","YES"
"https://www.tartley.com/index-10.html","26.04.2023","tartley.com (old posts, page 10) | tartley.com","YES"
"https://www.tartley.com/index-3.html","24.04.2023","tartley.com (old posts, page 3) | tartley.com","YES"
"https://www.tartley.com/categories/cryptocurrency/","22.04.2023","Posts about cryptocurrency | tartley.com","YES"
"https://www.tartley.com/posts/children-of-men/","16.04.2023","Children of Men | tartley.com","YES"
"https://www.tartley.com/posts/quote-from-tim-bray/","15.04.2023","Quote from Tim Bray | tartley.com","YES"
"https://www.tartley.com/posts/self-calm/","15.04.2023","Self-Calm | tartley.com","YES"
"https://www.tartley.com/index-27.html","15.04.2023","tartley.com (old posts, page 27) | tartley.com","NO"
"https://www.tartley.com/posts/installing-colout/","15.04.2023","Installing Colout | tartley.com","YES"
"https://www.tartley.com/galleries/","15.04.2023","galleries | tartley.com","NO"
"https://www.tartley.com/galleries/Drawings/","15.04.2023","Drawings | tartley.com","NO"
"https://www.tartley.com/posts/deja-vu/","15.04.2023","Deja Vu | tartley.com","YES"
"https://www.tartley.com/posts/why-python/","15.04.2023","Why Python? | tartley.com","YES"
"https://www.tartley.com/index-20.html","12.04.2023","tartley.com (old posts, page 20) | tartley.com","YES"
"https://www.tartley.com/posts/letter-to-my-member-of-european-parliament-proposed-copyright-extension/","05.04.2023","Letter to my Member of European Parliament : Proposed Copyright Extension | tartley.com","YES"
"https://www.tartley.com/posts/cross-site-image-linking-vandalism/","05.04.2023","Cross-site image linking vandalism | tartley.com","YES"
"https://www.tartley.com/posts/brilliant-and-tragic/","05.04.2023","Brilliant and Tragic | tartley.com","YES"
"https://www.tartley.com/posts/history-of-western-philosophy/","25.03.2023","History of Western Philosophy | tartley.com","YES"
"https://www.tartley.com/categories/c/","24.03.2023","Posts about c | tartley.com","YES"
"https://www.tartley.com/posts/remix/","11.03.2023","Remix | tartley.com","YES"
"https://www.tartley.com/posts/micro-isv-from-vision-to-reality/","27.02.2023","Micro ISV : From Vision to Reality | tartley.com","YES"
"https://www.tartley.com/posts/actual-vs-perceived-threats-aka-people-are-crazy/","25.02.2023","Actual vs Perceived threats (aka People are Crazy) | tartley.com","YES"
"https://www.tartley.com/posts/the-electric-state/","21.02.2023","The Electric State | tartley.com","YES"
"https://www.tartley.com/posts/children-of-time/","21.02.2023","Children of Time | tartley.com","YES"
"https://www.tartley.com/categories/book/","21.02.2023","Posts about book | tartley.com","YES"
"https://www.tartley.com/categories/mythology/","21.02.2023","Posts about mythology | tartley.com","NO"
"https://www.tartley.com/categories/environment/","21.02.2023","Posts about environment | tartley.com","YES"
"https://www.tartley.com/categories/animation/","21.02.2023","Posts about animation | tartley.com","YES"
"https://www.tartley.com/categories/windows/","29.01.2023","Posts about windows | tartley.com","YES"
"https://www.tartley.com/posts/lxd-for-dev-env/","28.01.2023","LXD for Development Environments. | tartley.com","YES"
"https://www.tartley.com/posts/ironpython-in-action/","27.01.2023","IronPython in Action | tartley.com","YES"
"https://www.tartley.com/posts/beautiful-code-leading-programmers-explain-how-they-think/","05.01.2023","Beautiful Code : Leading Programmers Explain How They Think | tartley.com","YES"
"https://www.tartley.com/posts/random-wallpaper-for-linux-gnome-desktop/","05.01.2023","Random Wallpaper for Linux Gnome Desktop | tartley.com","YES"
"https://www.tartley.com/posts/pyglet-week-3-some-pretty-flowers/","05.01.2023","pyglet week 3 : Some Pretty Flowers | tartley.com","YES"
"https://www.tartley.com/posts/the-structure-of-scientific-revolutions/","05.01.2023","The Structure of Scientific Revolutions | tartley.com","YES"
"https://www.tartley.com/categories/aronofsky/","05.01.2023","Posts about aronofsky | tartley.com","YES"
"https://www.tartley.com/posts/show-last-command-exit-value-in-bash-shell-prompt/","05.01.2023","Show last command exit value in Bash shell prompt | tartley.com","YES"
"https://www.tartley.com/posts/more-colored-terminal-text-on-windows-ansicon/","05.01.2023","More Colored Terminal text on Windows: AnsiCon | tartley.com","YES"
"https://www.tartley.com/categories/movie/","05.01.2023","Posts about movie | tartley.com","YES"
"https://www.tartley.com/categories/mswin-dev/","05.01.2023","Posts about mswin-dev | tartley.com","YES"
"https://www.tartley.com/posts/pycon-2008-chicago-usa/","05.01.2023","PyCon 2008, Chicago, USA | tartley.com","YES"
"https://www.tartley.com/posts/rubiks-beginner/","14.12.2022","Rubik's Beginner | tartley.com","YES"
"https://www.tartley.com/posts/understanding-rebase-so-it-sticks/","12.12.2022","Understanding git rebase so it sticks | tartley.com","YES"
"https://www.tartley.com/posts/doomsday-clock/","09.12.2022","Doomsday Clock | tartley.com","YES"
"https://www.tartley.com/categories/videogame/","09.12.2022","Posts about videogame | tartley.com","YES"
"https://www.tartley.com/posts/the-fountain/","09.12.2022","The Fountain | tartley.com","YES"
"https://www.tartley.com/categories/cyberpunk/","09.12.2022","Posts about cyberpunk | tartley.com","NO"
"https://www.tartley.com/posts/neuromancer/","09.12.2022","Neuromancer | tartley.com","YES"
"https://www.tartley.com/posts/the-difference-engine/","09.12.2022","The Difference Engine | tartley.com","YES"
"https://www.tartley.com/posts/do-a-bit-of-helping-out-at-europython/","10.11.2022","Do a bit of helping out at EuroPython | tartley.com","YES"
"https://www.tartley.com/posts/thief-level-week-2/","09.11.2022","Thief Level : Week 2 | tartley.com","YES"
"https://www.tartley.com/categories/graphics/","04.11.2022","Posts about graphics | tartley.com","YES"
"https://www.tartley.com/posts/perl-parody-of-itself/","28.10.2022","Perl: parody of itself | tartley.com","YES"
"https://www.tartley.com/posts/rhythmbox-plugin-announce/","22.10.2022","Rhythmbox plugin: ""Announce"" | tartley.com","YES"
"https://www.tartley.com/posts/google-chrome-credit/","21.10.2022","Google Chrome Credit | tartley.com","YES"
"https://www.tartley.com/posts/things-they-dont-tell-you-about-peroral-endoscopic-myotemy/","14.10.2022","Things They Don't Tell You About Peroral Endoscopic Myotemy | tartley.com","YES"
"https://www.tartley.com/posts/music-101c2bd/","10.10.2022","Music 101½ | tartley.com","YES"
"https://www.tartley.com/posts/my-cacaphony/","10.10.2022","My Cacophony | tartley.com","YES"
"https://www.tartley.com/posts/from-hell/","09.10.2022","From Hell | tartley.com","YES"
"https://www.tartley.com/posts/balloon-therapy/","09.10.2022","Balloon Therapy | tartley.com","YES"
"https://www.tartley.com/posts/shadow-of-the-colossus/","06.10.2022","Shadow of the Colossus | tartley.com","YES"
"https://www.tartley.com/categories/show/","06.10.2022","Posts about show | tartley.com","YES"
"https://www.tartley.com/categories/chipmunk/","03.10.2022","Posts about chipmunk | tartley.com","YES"
"https://www.tartley.com/categories/science-fiction/","03.10.2022","Posts about science-fiction | tartley.com","YES"
"https://www.tartley.com/categories/moore/","03.10.2022","Posts about moore | tartley.com","YES"
"https://www.tartley.com/categories/hardware/","03.10.2022","Posts about hardware | tartley.com","YES"
"https://www.tartley.com/categories/linux/","03.10.2022","Posts about linux | tartley.com","YES"
"https://www.tartley.com/categories/science/","03.10.2022","Posts about science | tartley.com","YES"
"https://www.tartley.com/posts/the-man-who-knew-too-much/","10.09.2022","The Man Who Knew Too Much | tartley.com","YES"
"https://www.tartley.com/posts/unexpected-error/","08.09.2022","Unexpected Error | tartley.com","YES"
"https://www.tartley.com/categories/music/","28.08.2022","Posts about music | tartley.com","YES"
"https://www.tartley.com/posts/you-invite-them-to-yourself/","07.08.2022","You Invite Them To Yourself | tartley.com","YES"
"https://www.tartley.com/categories/illustrated/","22.03.2022","Posts about illustrated | tartley.com","NO"
"https://www.tartley.com/categories/short/","18.03.2022","Posts about short | tartley.com","YES"
"https://www.tartley.com/posts/daniel-kitson/","18.03.2022","Daniel Kitson | tartley.com","YES"
"https://www.tartley.com/posts/swamp-thing/","18.03.2022","Swamp Thing, Vol 1: Saga of the Swamp Thing | tartley.com","YES"
"https://www.tartley.com/categories/greatness/","18.03.2022","Posts about greatness | tartley.com","YES"
"https://www.tartley.com/posts/vonnegut-on-software-development-teams/","18.03.2022","Vonnegut on software development teams. | tartley.com","YES"
"https://www.tartley.com/categories/cognition/","18.03.2022","Posts about cognition | tartley.com","YES"
"https://www.tartley.com/categories/literature/","18.03.2022","Posts about literature | tartley.com","YES"
"https://www.tartley.com/posts/generics-considered-harmful/","18.03.2022","Generics Considered Harmful | tartley.com","YES"
"https://www.tartley.com/posts/freefall/","18.03.2022","Freefall | tartley.com","YES"
"https://www.tartley.com/posts/studencki-festiwal-informatyczny-2008/","18.03.2022","Studencki Festiwal Informatyczny 2008 | tartley.com","YES"
"https://www.tartley.com/posts/fargo/","18.03.2022","Fargo | tartley.com","YES"
"https://www.tartley.com/posts/denver-stagathon/","18.03.2022","Denver stagathon | tartley.com","YES"
"https://www.tartley.com/categories/gis/","18.03.2022","Posts about gis | tartley.com","YES"
"https://www.tartley.com/posts/ironpython-at-resolver-systems/","18.03.2022","IronPython at Resolver Systems | tartley.com","YES"
"https://www.tartley.com/categories/image/","18.03.2022","Posts about image | tartley.com","YES"
"https://www.tartley.com/posts/station-eleven/","18.03.2022","Station Eleven | tartley.com","YES"
"https://www.tartley.com/posts/pyrochestermn/","18.03.2022","PyRochesterMN | tartley.com","YES"
"https://www.tartley.com/categories/gumby/","18.03.2022","Posts about gumby | tartley.com","YES"
"https://www.tartley.com/categories/web/","18.03.2022","Posts about web | tartley.com","YES"
"https://www.tartley.com/categories/gamedev/","18.03.2022","Posts about gamedev | tartley.com","YES"
"https://www.tartley.com/categories/economics/","18.03.2022","Posts about economics | tartley.com","YES"
"https://www.tartley.com/categories/exhibits/","18.03.2022","Posts about exhibits | tartley.com","YES"
"https://www.tartley.com/categories/tv/","18.03.2022","Posts about tv | tartley.com","YES"
"https://www.tartley.com/posts/domain-driven-design-tackling-complexity-in-the-heart-of-software/","18.03.2022","Domain Driven Design: Tackling Complexity in the Heart of Software | tartley.com","YES"
"https://www.tartley.com/posts/your-python-our-servers-what-could-possibly-go-wrong/","18.03.2022","Your Python, Our Servers : What could possibly go wrong? | tartley.com","YES"
"https://www.tartley.com/categories/lessig/","17.02.2022","Posts about lessig | tartley.com","YES"
"https://www.tartley.com/categories/russell/","17.02.2022","Posts about russell | tartley.com","YES"
"https://www.tartley.com/categories/math/","17.02.2022","Posts about math | tartley.com","YES"
"https://www.tartley.com/posts/mswindows-programming-propogating-child-process-exit-values-out-of-bat-scripts/","17.02.2022","MSWindows Programming : Propogating child process exit values out of .bat scripts | tartley.com","YES"
"https://www.tartley.com/categories/biography/","17.02.2022","Posts about biography | tartley.com","YES"
"https://www.tartley.com/categories/qntm/","17.02.2022","Posts about qntm | tartley.com","YES"
"https://www.tartley.com/categories/bear/","26.01.2022","Posts about bear | tartley.com","NO"
"https://www.tartley.com/?p=1207","13.01.2022","tartley.com","NO"
"https://www.tartley.com/categories/manual/","21.12.2021","Posts about manual | tartley.com","NO"
"https://www.tartley.com/categories/map/","21.12.2021","Posts about map | tartley.com","NO"
"https://www.tartley.com/posts/free-culture/","21.12.2021","Free Culture | tartley.com","NO"
"https://www.tartley.com/categories/til/","15.12.2021","Posts about til | tartley.com","NO"
"https://www.tartley.com/categories/version-control/","15.12.2021","Posts about version-control | tartley.com","NO"
"https://www.tartley.com/categories/video/","10.12.2021","Posts about video | tartley.com","NO"
"https://www.tartley.com/posts/london-geek-night-game-dev/","08.12.2021","London Geek Night : Game Dev | tartley.com","YES"
"https://www.tartley.com/posts/trip-report-the-chelsea-arts-club/","04.12.2021","Trip Report: The Chelsea Arts Club | tartley.com","NO"
"https://www.tartley.com/posts/a-bit-of-fun/","04.12.2021","lang.name, lang.desc for lang in self.languages | tartley.com","NO"
"https://www.tartley.com/posts/wordpress-providing-categorised-rss-feeds/","04.12.2021","WordPress providing categorised RSS feeds | tartley.com","NO"
"https://www.tartley.com/posts/the-future-of-twitter/","04.12.2021","The Future of Twitter | tartley.com","NO"
"https://www.tartley.com/categories/physics/","04.12.2021","Posts about physics | tartley.com","NO"
"https://www.tartley.com/posts/loving-europython-tutorials/","17.11.2021","Loving EuroPython Tutorials | tartley.com","NO"
"https://www.tartley.com/posts/revolution-an-instruction-manual/","12.11.2021","Revolution: An Instruction Manual | tartley.com","NO"
"https://www.tartley.com/categories/novella/","12.11.2021","Posts about novella | tartley.com","NO"
"https://www.tartley.com/categories/free-to-read/","12.11.2021","Posts about free-to-read | tartley.com","NO"
"https://www.tartley.com/posts/fine-structure-by-qntm/","12.11.2021","Fine Structure, by qntm | tartley.com","NO"
"https://www.tartley.com/posts/ed-by-qntm/","12.11.2021","Ed, by qntm | tartley.com","NO"
"https://www.tartley.com/index-25.html","28.10.2021","tartley.com (old posts, page 25) | tartley.com","NO"
"https://www.tartley.com/categories/vim/","11.10.2021","Posts about vim | tartley.com","NO"
"https://www.tartley.com/categories/fonts/","11.10.2021","Posts about fonts | tartley.com","NO"
"https://www.tartley.com/categories/osx-dev/","11.10.2021","Posts about osx-dev | tartley.com","NO"
"https://www.tartley.com/posts/my-own-competancy/","11.10.2021","My own competency | tartley.com","NO"
"https://www.tartley.com/posts/on-estimates/","11.10.2021","On Estimates | tartley.com","NO"
"https://www.tartley.com/posts/converting-any-repository-fom-svn-to-hg-on-windows/","11.10.2021","Converting any repository from Svn to Hg on Windows | tartley.com","NO"
"https://www.tartley.com/categories/game/","05.10.2021","Posts about game | tartley.com","NO"
"https://www.tartley.com/posts/home-media-center/","01.09.2021","Home media center | tartley.com","NO"
"https://www.tartley.com/categories/pymunk/","31.08.2021","Posts about pymunk | tartley.com","NO"
"https://www.tartley.com/index-24.html","30.08.2021","tartley.com (old posts, page 24) | tartley.com","NO"
"https://www.tartley.com/posts/history-meme/","29.08.2021","History meme | tartley.com","NO"
"https://www.tartley.com/posts/til-per-mille/","29.08.2021","TIL: ‰ is per mille | tartley.com","YES"
"https://www.tartley.com/files/2020/conky.conf","02.08.2021","","NO"
"https://www.tartley.com/posts/112263-by-steven-king/","14.07.2021","11/22/63, by Steven King | tartley.com","NO"
"https://www.tartley.com/posts/til-create-mp3-from-youtube-video/","14.07.2021","TIL: Create mp3 from YouTube video | tartley.com","NO"
"https://www.tartley.com/posts/til-cryptocurrency-per-transaction-energy-use/","14.07.2021","TIL: Energy use per transaction for cryptocurrencies vs Visa | tartley.com","NO"
"https://www.tartley.com/posts/howto-bundle-binary-dependancies-with-py2exe-et-al/","26.06.2021","Howto bundle binary dependancies with py2exe, et al. | tartley.com","NO"
"https://www.tartley.com/posts/june-books/","04.05.2021","Recent Books | tartley.com","YES"
"https://www.tartley.com/categories/photos/","28.03.2021","Posts about photos | tartley.com","NO"
